Tweet IDs,Aggression,Arousal1 (1-5),Arousal2 (1-5),Arousal3 (1-5),Sarcasm-Irony-RhetoricalQuestions,Pun-Wordplay,Metaphor-Simile,Stance,Hate Speech,Avg. Arousal
#796033860081426432,c,3,2,2,NO,YES,NO,f,NO,2.333333333
#796754126671466496,n,2,3,2,NO,NO,NO,f,NO,2.333333333
#796755878682599424,n,4,3,4,NO,YES,NO,f,NO,3.666666667
#796892982360162304,o,4,3,4,NO,YES,NO,f,NO,3.666666667
#796908665047379968,c,3,4,2,NO,NO,NO,f,NO,3
#796926812664320001,n,4,4,2,NO,YES,NO,f,NO,3.333333333
#796989042407731200,c,3,3,4,NO,NO,YES,f,NO,3.333333333
#796998309172740096,n,2,3,2,NO,NO,NO,f,NO,2.333333333
#797003033531944961,o,4,5,4,NO,YES,NO,f,NO,4.333333333
#797025207063953408,c,3,3,1,YES,NO,NO,n,NO,2.333333333
#797046775232086016,n,1,2,1,NO,NO,NO,a,NO,1.333333333
#797074861277454336,c,3,2,2,YES,NO,NO,a,NO,2.333333333
#797082496865185793,c,3,2,4,NO,YES,NO,a,NO,3
#797117971369820160,c,2,2,1,NO,NO,NO,f,NO,1.666666667
#797120906921267200,c,2,2,3,YES,NO,NO,f,NO,2.333333333
#797122428296052740,n,1,1,1,NO,NO,NO,a,NO,1
#797159834273488896,c,3,4,3,NO,YES,NO,a,NO,3.333333333
#797160874993516544,n,2,2,3,NO,NO,NO,a,NO,2.333333333
#797166999440916480,n,1,2,1,NO,NO,NO,n,NO,1.333333333
#797177857814368256,c,4,4,3,YES,NO,NO,a,NO,3.666666667
#797243966387261440,n,2,3,3,NO,NO,NO,f,NO,2.666666667
#797246094837096448,c,3,4,4,NO,NO,NO,f,NO,3.666666667
#797256969874616320,n,4,4,4,NO,NO,NO,f,NO,4
#797263396760453120,c,1,2,1,YES,NO,NO,a,NO,1.333333333
#797299138115186688,c,2,3,1,NO,NO,NO,f,NO,2
#797317356993257472,n,3,2,3,NO,NO,NO,n,NO,2.666666667
#797319566808354816,c,3,3,3,YES,NO,NO,a,NO,3
#797339677623730176,n,3,3,3,NO,NO,NO,f,NO,3
#797345024555913216,n,1,2,1,NO,NO,NO,n,NO,1.333333333
#797347669102297088,c,2,2,3,NO,NO,NO,f,NO,2.333333333
#797349017273282561,n,3,3,3,YES,NO,NO,n,NO,3
#797351901453053952,n,2,3,1,NO,NO,NO,f,NO,2
#797368099272093696,c,3,4,3,YES,NO,NO,n,NO,3.333333333
#797377504314990593,c,4,5,3,NO,NO,YES,a,NO,4
#797381369617739778,c,3,4,2,YES,NO,YES,a,NO,3
#797389852480139264,n,2,3,2,YES,NO,NO,n,NO,2.333333333
#797391404334870528,c,2,3,1,NO,NO,NO,a,NO,2
#797394351185858561,n,4,4,3,NO,NO,NO,a,NO,3.666666667
#797395192676569089,o,4,4,2,YES,NO,NO,f,YES,3.333333333
#797417630369869825,c,3,3,3,NO,NO,YES,a,NO,3
#797433394497867776,c,2,4,3,NO,NO,NO,a,NO,3
#797435425467940864,n,1,3,1,NO,NO,NO,a,NO,1.666666667
#797437634897477632,n,1,2,1,NO,NO,NO,a,NO,1.333333333
#797439756250611715,n,3,3,3,NO,NO,NO,f,NO,3
#797442292667682817,c,2,3,2,NO,NO,NO,n,NO,2.333333333
#797450733230518274,o,4,4,4,NO,NO,YES,f,NO,4
#797460130292002817,n,5,5,5,NO,NO,NO,f,NO,5
#797484514146557952,n,1,2,2,NO,NO,YES,f,NO,1.666666667
#797545176449228800,o,5,4,4,YES,NO,YES,n,YES,4.333333333
#797609990357860353,c,2,3,2,NO,NO,NO,f,NO,2.333333333
#797654567873691648,o,3,2,3,YES,NO,NO,n,NO,2.666666667
#797660917106438145,c,1,1,2,NO,NO,YES,a,NO,1.333333333
#797672849980919808,n,4,5,5,NO,NO,YES,n,NO,4.666666667
#797674836990377984,o,2,4,3,YES,NO,YES,a,NO,3
#797675063252291584,n,1,2,3,NO,NO,NO,n,NO,2
#797688776814276608,n,2,3,3,YES,NO,NO,a,NO,2.666666667
#797689721027641344,n,1,2,1,YES,NO,YES,n,NO,1.333333333
#797690047826755584,o,3,4,3,NO,NO,NO,a,NO,3.333333333
#797690226260852736,c,2,4,3,YES,NO,NO,a,NO,3
#797706897998680065,c,2,1,1,YES,NO,NO,a,NO,1.333333333
#797713404093820930,n,2,2,2,NO,NO,NO,f,NO,2
#797725443767955456,o,5,5,5,NO,NO,YES,n,YES,5
#797732719719387137,c,3,3,2,YES,YES,NO,n,NO,2.666666667
#797736347028992000,n,3,2,2,NO,NO,NO,f,NO,2.333333333
#797736468978475008,c,1,1,1,NO,NO,YES,a,NO,1
#797738040017960960,n,2,3,2,NO,NO,YES,f,NO,2.333333333
#797743354737889280,o,4,4,3,YES,NO,YES,n,NO,3.666666667
#797746896500617216,n,2,2,2,NO,NO,NO,f,NO,2
#797754011524939776,n,2,2,2,NO,NO,NO,f,NO,2
#797763941195661313,n,3,3,3,NO,NO,NO,f,NO,3
#797767771752951808,n,2,2,2,NO,NO,NO,a,NO,2
#797770076602535937,n,2,3,3,NO,NO,NO,f,NO,2.666666667
#797771976286892032,o,4,5,4,NO,YES,YES,f,YES,4.333333333
#797772105203019776,n,3,3,3,NO,NO,NO,f,NO,3
#797772695186407424,n,3,2,3,NO,NO,NO,f,NO,2.666666667
#797772836219723777,n,3,2,2,NO,NO,YES,f,NO,2.333333333
#797774640596840448,n,3,4,2,NO,NO,NO,f,NO,3
#797778275699408897,n,3,2,2,NO,NO,NO,n,NO,2.333333333
#797778873232609280,n,2,3,2,NO,NO,NO,a,NO,2.333333333
#797780717241565184,o,4,5,5,NO,NO,YES,f,NO,4.666666667
#797785597083582464,n,3,3,3,NO,NO,YES,n,NO,3
#797787170446643200,c,1,2,1,YES,NO,NO,a,NO,1.333333333
#797787974972936197,o,2,4,2,NO,YES,NO,f,NO,2.666666667
#797790028445335552,c,3,3,2,YES,NO,NO,a,NO,2.666666667
#797797446550192128,c,2,4,2,NO,YES,NO,a,NO,2.666666667
#797798118330744832,n,2,3,2,NO,NO,NO,f,NO,2.333333333
#797798913491304448,c,3,2,3,NO,NO,YES,f,NO,2.666666667
#797800875959971840,n,3,3,3,NO,NO,NO,a,NO,3
#797807387134464004,o,3,4,2,NO,NO,NO,a,NO,3
#797807635940536321,n,3,4,3,YES,NO,NO,f,NO,3.333333333
#797810273771868160,o,4,4,3,NO,NO,NO,f,NO,3.666666667
#797815122202886144,n,3,3,3,NO,NO,YES,f,NO,3
#797818560294912000,c,3,4,3,YES,YES,YES,a,NO,3.333333333
#797822842771410945,o,3,2,3,NO,NO,YES,f,NO,2.666666667
#797822952062361601,n,1,1,1,NO,NO,NO,a,NO,1
#797822965039697920,o,3,4,2,NO,YES,YES,a,YES,3
#797826123438571520,n,3,2,3,NO,NO,NO,f,NO,2.666666667
#797833446903128069,c,3,3,3,NO,NO,NO,f,NO,3
#797835880681574404,c,3,4,3,NO,NO,YES,a,NO,3.333333333
#797838935753768960,o,2,4,2,NO,NO,YES,a,NO,2.666666667
#797840715078365184,c,3,4,3,YES,NO,NO,a,NO,3.333333333
#797848100987695104,o,3,3,3,NO,YES,NO,n,NO,3
#797850168280412160,c,3,3,3,NO,YES,NO,f,NO,3
#797854492465176576,n,2,3,2,NO,NO,NO,f,NO,2.333333333
#797867766770343936,n,3,3,3,YES,YES,YES,n,NO,3
#797872902653681665,o,3,4,2,YES,NO,NO,f,NO,3
#797878275309703168,o,5,5,5,NO,NO,YES,n,NO,5
#797880448248483840,c,2,1,1,NO,NO,YES,a,NO,1.333333333
#797885609612165121,n,2,2,1,NO,NO,NO,n,NO,1.666666667
#797956826058760192,n,2,1,1,NO,NO,NO,f,NO,1.333333333
#797988016581001217,n,2,1,1,NO,NO,NO,n,NO,1.333333333
#797993336833310721,c,3,3,3,YES,NO,NO,f,NO,3
#798014098818691072,n,2,4,2,YES,NO,NO,a,NO,2.666666667
#798016481040576512,o,2,3,2,NO,NO,YES,f,NO,2.333333333
#798018556294115328,n,2,1,2,NO,NO,NO,n,NO,1.666666667
#798022295419691008,c,2,2,1,YES,NO,NO,n,NO,1.666666667
#798026775699726336,n,3,3,3,NO,YES,NO,n,NO,3
#798034967095693312,n,1,1,1,NO,NO,NO,f,NO,1
#798035671336112129,n,3,2,3,NO,NO,NO,n,NO,2.666666667
#798035856552431616,n,3,3,3,NO,NO,NO,f,NO,3
#798036068029239296,n,3,3,3,NO,NO,NO,f,NO,3
#798044989045415937,n,3,3,3,NO,NO,NO,f,NO,3
#798055383596007424,n,3,4,3,NO,YES,NO,n,NO,3.333333333
#798057392055255040,c,2,2,3,YES,NO,NO,a,NO,2.333333333
#798059746011979776,c,2,4,2,YES,NO,NO,n,NO,2.666666667
#798063088255676416,n,2,1,2,YES,NO,YES,n,NO,1.666666667
#798063870933798912,c,3,2,3,YES,YES,NO,f,NO,2.666666667
#798068268015550464,c,4,5,4,NO,NO,YES,f,NO,4.333333333
#798070029971431424,c,3,3,3,NO,YES,NO,f,NO,3
#798070431215456256,n,2,3,2,NO,NO,YES,f,NO,2.333333333
#798075345656225792,c,1,3,3,NO,NO,NO,n,NO,2.333333333
#798075899300216833,c,2,3,2,YES,NO,NO,f,NO,2.333333333
#798076043605065729,o,3,4,3,NO,YES,NO,f,NO,3.333333333
#798076419502796800,c,3,3,2,NO,NO,NO,f,NO,2.666666667
#798078720321945600,o,3,3,2,NO,YES,NO,n,NO,2.666666667
#798087801212276736,n,2,1,2,NO,NO,NO,f,NO,1.666666667
#798088338141908992,n,3,3,3,NO,NO,NO,n,NO,3
#798089236092026880,c,3,3,3,NO,NO,NO,n,NO,3
#798089942383656960,n,3,3,3,NO,NO,NO,f,NO,3
#798095080057778176,n,1,1,2,NO,NO,NO,a,NO,1.333333333
#798097338921320448,n,3,3,3,NO,NO,YES,f,NO,3
#798111785974906880,n,3,2,3,NO,NO,NO,n,NO,2.666666667
#798114437769154560,c,3,4,3,YES,NO,NO,f,NO,3.333333333
#798119952670593024,n,3,2,2,YES,NO,NO,n,NO,2.333333333
#798121436590149632,c,3,4,3,NO,NO,YES,f,NO,3.333333333
#798122064116781056,c,3,4,3,NO,NO,YES,f,NO,3.333333333
#798129074577244160,c,3,3,3,NO,NO,NO,f,NO,3
#798134246284009473,n,3,2,3,NO,NO,NO,f,NO,2.666666667
#798135563782066176,c,2,2,1,YES,NO,NO,f,NO,1.666666667
#798137021357170688,n,2,2,1,NO,NO,NO,f,NO,1.666666667
#798137112877010944,n,3,3,3,YES,NO,NO,a,NO,3
#798139464941858816,c,3,4,3,YES,NO,NO,f,NO,3.333333333
#798139669598740480,c,3,4,3,YES,NO,NO,f,NO,3.333333333
#798140266800480256,c,3,4,3,YES,NO,NO,f,NO,3.333333333
#798147680048250880,o,3,4,3,YES,NO,YES,n,YES,3.333333333
#798149790332633088,n,1,1,1,NO,NO,NO,f,NO,1
#798149879985905665,n,2,1,1,NO,NO,NO,f,NO,1.333333333
#798152282017656836,n,2,2,1,NO,NO,NO,f,NO,1.666666667
#798156114420346881,c,3,3,3,YES,NO,NO,f,NO,3
#798156262361866240,c,3,3,4,NO,NO,YES,a,NO,3.333333333
#798157731819491328,c,3,2,2,NO,NO,NO,n,NO,2.333333333
#798161399532793856,n,2,3,3,NO,NO,NO,n,NO,2.666666667
#798161618408390657,n,3,3,3,NO,NO,NO,f,NO,3
#798164396149248000,n,2,2,2,NO,NO,NO,f,NO,2
#798164621999775745,n,2,2,2,NO,NO,NO,f,NO,2
#798165512748285954,o,4,4,5,YES,NO,NO,f,NO,4.333333333
#798168754735587328,c,3,3,3,NO,YES,NO,a,NO,3
#798172073709498372,n,2,2,2,NO,NO,NO,f,NO,2
#798172568662507520,n,3,3,2,YES,NO,NO,n,NO,2.666666667
#798172580335095809,c,2,2,2,NO,NO,NO,a,NO,2
#798174158857256960,o,3,4,3,NO,NO,NO,f,NO,3.333333333
#798178020192202752,o,5,5,5,NO,YES,NO,n,YES,5
#798178663585828865,c,3,3,3,NO,YES,NO,a,NO,3
#798180804279070720,n,3,3,3,NO,YES,NO,f,NO,3
#798182220745752578,n,2,2,3,NO,NO,NO,f,NO,2.333333333
#798187312278433792,n,2,2,1,NO,NO,NO,n,NO,1.666666667
#798187670174253056,c,2,2,1,NO,YES,NO,f,NO,1.666666667
#798190630102908928,c,3,2,2,YES,NO,NO,f,NO,2.333333333
#798196285987758081,n,2,2,2,NO,NO,NO,f,NO,2
#798198217406115840,n,2,2,2,NO,NO,NO,f,NO,2
#798198870685732868,c,2,2,2,NO,NO,NO,n,NO,2
#798200901345411072,c,3,2,3,NO,NO,NO,n,NO,2.666666667
#798202889764106240,o,1,2,2,NO,NO,YES,a,NO,1.666666667
#798207892709146625,n,2,2,2,YES,NO,NO,a,NO,2
#798209769509007360,n,2,2,2,NO,NO,YES,a,NO,2
#798211837674147840,n,2,3,3,NO,NO,NO,f,NO,2.666666667
#798211980620275712,n,2,3,3,NO,NO,YES,f,NO,2.666666667
#798219346627526656,c,1,1,4,YES,NO,NO,a,NO,2
#798222778763800577,o,2,3,3,YES,NO,NO,f,NO,2.666666667
#798223394147733506,c,2,3,2,NO,YES,NO,a,NO,2.333333333
#798226134592720897,o,3,3,2,NO,NO,NO,f,NO,2.666666667
#798228492127125504,n,3,3,3,NO,NO,NO,f,NO,3
#798231623821066240,n,3,3,3,NO,NO,NO,f,NO,3
#798237294389956609,c,3,2,3,YES,YES,NO,a,NO,2.666666667
#798237840257720320,o,3,2,3,NO,NO,NO,f,NO,2.666666667
#798261970872963073,n,2,3,3,NO,NO,NO,a,NO,2.666666667
#798341728981782529,c,3,2,2,YES,NO,NO,f,NO,2.333333333
#798361124399960065,n,3,2,2,NO,NO,NO,f,NO,2.333333333
#798362424508235777,c,3,3,2,NO,YES,NO,f,NO,2.666666667
#798371470481068032,o,3,4,3,NO,NO,YES,a,NO,3.333333333
#798373300984348672,n,4,4,4,NO,NO,YES,f,NO,4
#798375144246820864,n,3,2,3,NO,NO,NO,n,NO,2.666666667
#798378639951679488,n,3,3,3,NO,NO,NO,f,NO,3
#798383899680219137,n,2,2,2,YES,NO,NO,a,NO,2
#798384938043211776,n,2,2,1,NO,NO,YES,f,NO,1.666666667
#798386323144851457,c,3,3,2,NO,YES,NO,f,NO,2.666666667
#798388850368323584,c,2,2,2,YES,NO,NO,a,NO,2
#798390097741807616,n,3,3,4,NO,NO,NO,f,NO,3.333333333
#798391543690362880,n,3,3,3,NO,NO,NO,n,NO,3
#798395025356951552,n,4,3,3,NO,NO,NO,f,NO,3.333333333
#798397957334794240,o,4,3,4,NO,YES,NO,n,YES,3.666666667
#798406248651747332,n,1,2,2,NO,NO,NO,a,NO,1.666666667
#798406773761802241,n,3,3,3,NO,NO,NO,f,NO,3
#798407977103458304,c,3,3,3,NO,NO,NO,f,NO,3
#798417902399590400,n,3,3,3,NO,YES,NO,n,NO,3
#798420829751177217,c,2,3,2,NO,NO,NO,f,NO,2.333333333
#798424786586259460,n,2,2,1,NO,NO,NO,n,NO,1.666666667
#798439953365549056,n,3,3,2,NO,NO,NO,n,NO,2.666666667
#798442108508131328,n,3,3,3,YES,NO,NO,f,NO,3
#798444613103185920,n,3,2,3,NO,NO,NO,f,NO,2.666666667
#798450356891983872,c,2,3,3,YES,NO,NO,f,NO,2.666666667
#798454644213063680,n,3,3,2,NO,NO,NO,f,NO,2.666666667
#798460796250521600,n,3,3,4,NO,NO,NO,f,NO,3.333333333
#798460832015413248,o,3,3,5,NO,YES,NO,f,NO,3.666666667
#798473354877534208,n,3,2,3,NO,NO,NO,n,NO,2.666666667
#798473617910558720,c,4,4,4,NO,NO,NO,n,NO,4
#798473852569419776,n,2,2,1,NO,NO,NO,n,NO,1.666666667
#798474933357740032,n,3,2,2,NO,NO,NO,f,NO,2.333333333
#798475237667045376,n,3,2,3,NO,NO,NO,f,NO,2.666666667
#798476600006148096,c,3,3,3,YES,NO,NO,f,YES,3
#798477323460820992,o,2,2,2,NO,NO,NO,n,YES,2
#798481911614033920,n,2,2,3,YES,NO,NO,n,NO,2.333333333
#798488661633409025,c,3,3,2,NO,YES,NO,f,NO,2.666666667
#798489876136099840,n,3,2,2,NO,NO,NO,n,NO,2.333333333
#798490711054135296,n,4,3,2,NO,NO,NO,n,NO,3
#798491684858458112,o,5,5,5,NO,NO,YES,f,NO,5
#798492730062213120,c,4,4,5,NO,NO,NO,a,NO,4.333333333
#798496628290109440,n,2,2,1,NO,NO,NO,n,NO,1.666666667
#798497097909555201,n,3,3,4,NO,NO,NO,f,NO,3.333333333
#798497248992628736,n,2,3,4,YES,NO,NO,f,NO,3
#798499599090479105,n,2,2,3,NO,NO,NO,f,NO,2.333333333
#798510191021002756,c,3,3,3,YES,YES,NO,f,NO,3
#798512741916913664,c,2,3,3,NO,NO,YES,n,NO,2.666666667
#798515785694138369,c,3,3,2,NO,NO,NO,a,NO,2.666666667
#798530583878111232,n,3,3,2,NO,NO,NO,f,NO,2.666666667
#798533846891302912,n,2,2,2,NO,NO,NO,f,NO,2
#798536243801821184,c,2,2,1,NO,NO,NO,f,NO,1.666666667
#798537597425332224,n,2,2,1,NO,NO,NO,n,NO,1.666666667
#798537598624874499,n,3,3,2,NO,YES,NO,f,NO,2.666666667
#798538475016306688,c,3,3,1,NO,NO,YES,n,NO,2.333333333
#798542878427508736,c,3,3,4,NO,YES,YES,n,NO,3.333333333
#798545139207696385,n,3,3,1,YES,NO,NO,n,NO,2.333333333
#798545800074854400,n,2,2,1,NO,NO,NO,n,NO,1.666666667
#798549146802102272,n,3,3,2,NO,NO,NO,n,NO,2.666666667
#798550112943280128,c,2,3,3,NO,NO,YES,f,NO,2.666666667
#798550404745162752,n,3,3,3,YES,NO,NO,f,NO,3
#798551285725327360,n,3,3,3,YES,NO,NO,f,NO,3
#798552079560273921,n,3,3,3,NO,NO,NO,n,NO,3
#798553529065488386,n,3,4,4,NO,YES,NO,f,NO,3.666666667
#798555409472749568,n,3,3,3,YES,NO,NO,f,NO,3
#798555802743078912,c,4,3,3,NO,YES,NO,f,NO,3.333333333
#798557434016972803,n,3,3,3,YES,NO,NO,f,NO,3
#798559042062778368,n,3,2,3,NO,NO,NO,f,NO,2.666666667
#798564424768487424,o,3,3,3,NO,NO,NO,f,NO,3
#798569352739966976,c,3,3,3,NO,NO,NO,f,NO,3
#798570275713355776,n,2,3,3,NO,NO,NO,a,NO,2.666666667
#798570340397891585,n,3,2,3,NO,NO,NO,f,NO,2.666666667
#798571114473484288,n,3,2,3,NO,NO,NO,f,NO,2.666666667
#798571530024288256,n,2,2,1,NO,YES,NO,f,NO,1.666666667
#798573567361351680,n,3,3,2,NO,NO,NO,f,NO,2.666666667
#798576416593874944,n,2,2,2,NO,NO,NO,a,NO,2
#798578205279948800,n,2,2,3,NO,NO,NO,n,NO,2.333333333
#798578843892273153,n,3,2,2,NO,NO,NO,n,NO,2.333333333
#798581033134235648,n,2,2,1,NO,NO,NO,a,NO,1.666666667
#798588168777760769,n,1,2,2,NO,NO,NO,a,NO,1.666666667
#798594145384329216,n,3,3,3,NO,NO,NO,a,NO,3
#798599398678740992,c,3,3,2,NO,NO,NO,f,NO,2.666666667
#798639059400802308,n,3,2,2,NO,NO,NO,f,NO,2.333333333
#798651596171132928,o,4,3,3,NO,YES,NO,f,NO,3.333333333
#798673677826998272,c,3,3,3,NO,YES,NO,n,NO,3
#798706163852464132,o,3,3,3,NO,NO,NO,f,NO,3
#798710343220330496,n,3,2,3,NO,NO,NO,f,NO,2.666666667
#798712151238012928,o,3,2,3,NO,NO,NO,f,NO,2.666666667
#798714455102259200,n,3,2,3,NO,NO,NO,f,NO,2.666666667
#798718630649176064,n,3,2,2,NO,NO,NO,n,NO,2.333333333
#798719043687563264,n,2,2,2,NO,NO,NO,f,NO,2
#798719990220341248,n,2,1,1,NO,YES,NO,n,NO,1.333333333
#798720769580826624,c,3,3,4,YES,NO,NO,n,NO,3.333333333
#798721491990880256,c,2,3,1,YES,NO,NO,f,NO,2
#798721896908865536,c,3,3,3,YES,NO,NO,a,NO,3
#798725090162733058,n,2,3,2,NO,NO,NO,f,NO,2.333333333
#798730733778923521,c,3,2,3,NO,NO,NO,a,NO,2.666666667
#798732426071535616,o,3,,3,NO,NO,NO,f,NO,3
#798737041739628545,n,2,1,3,YES,NO,NO,n,NO,2
#798739559462961153,n,2,2,2,NO,NO,NO,f,NO,2
#798740638959370240,n,3,3,2,YES,NO,NO,n,NO,2.666666667
#798743131885895680,c,3,3,3,NO,NO,NO,f,NO,3
#798743178442637312,n,3,3,2,NO,NO,NO,n,NO,2.666666667
#798743861577166848,n,3,3,3,NO,NO,NO,n,NO,3
#798747239703314432,n,3,4,4,NO,YES,YES,n,NO,3.666666667
#798747253984796673,c,3,4,3,NO,YES,YES,a,NO,3.333333333
#798749463250497536,n,2,3,2,NO,NO,NO,n,NO,2.333333333
#798756684617265153,o,4,4,3,NO,YES,YES,f,NO,3.666666667
#798757448299352065,o,4,5,3,NO,NO,NO,f,NO,4
#798766163601698816,n,3,4,3,NO,NO,YES,f,NO,3.333333333
#798771035004776448,n,2,3,2,NO,NO,NO,n,NO,2.333333333
#798773729241141248,n,3,4,4,NO,NO,YES,f,NO,3.666666667
#798779488486047744,n,3,3,3,NO,NO,NO,f,NO,3
#798780049843359744,o,4,5,5,NO,YES,NO,f,NO,4.666666667
#798780630095929344,o,4,5,3,NO,NO,YES,f,NO,4
#798781452720607232,n,3,3,4,NO,NO,NO,n,NO,3.333333333
#798781975678980097,n,4,4,2,NO,NO,YES,f,NO,3.333333333
#798782916293558272,n,4,4,3,NO,NO,NO,f,NO,3.666666667
#798784151625183233,n,3,3,3,NO,NO,NO,f,NO,3
#798785645686628352,c,3,3,3,YES,NO,YES,f,NO,3
#798786759551164416,n,3,3,2,NO,NO,NO,n,NO,2.666666667
#798792931746267136,o,4,5,4,NO,YES,NO,f,NO,4.333333333
#798793572694642692,o,4,4,4,NO,NO,NO,f,NO,4
#798796089499357184,o,4,4,3,NO,NO,NO,f,NO,3.666666667
#798797272930652160,c,4,4,3,NO,NO,YES,f,NO,3.666666667
#798798112756101120,n,3,3,3,NO,NO,YES,f,NO,3
#798798291433451520,n,3,4,3,NO,NO,YES,f,NO,3.333333333
#798803771660779521,n,3,3,2,NO,NO,NO,n,NO,2.666666667
#798804808840794114,c,4,4,4,YES,YES,NO,f,NO,4
#798805539303997440,c,4,5,2,NO,NO,NO,n,NO,3.666666667
#798805875280355329,n,3,4,3,NO,YES,NO,f,NO,3.333333333
#798810043403542528,n,3,3,4,NO,NO,NO,f,NO,3.333333333
#798811752804663296,n,3,3,4,NO,NO,NO,f,NO,3.333333333
#798812168929976321,n,4,5,1,NO,NO,YES,f,NO,3.333333333
#798812208117387265,n,3,3,3,NO,NO,NO,f,NO,3
#798813269456666624,c,3,4,2,NO,NO,NO,n,NO,3
#798814430708449283,o,5,5,2,NO,YES,NO,f,NO,4
#798814475440664577,c,3,4,3,NO,NO,YES,f,NO,3.333333333
#798814677983633408,n,3,3,4,NO,NO,NO,f,NO,3.333333333
#798815137347928064,c,4,4,5,YES,NO,NO,f,NO,4.333333333
#798817409750548480,c,4,4,3,NO,NO,YES,f,NO,3.666666667
#798819162051080192,n,3,4,3,NO,NO,YES,f,NO,3.333333333
#798819607754612736,c,4,4,3,NO,YES,NO,a,NO,3.666666667
#798820263252983809,c,3,3,3,YES,NO,NO,f,NO,3
#798820765168648193,n,3,4,4,NO,NO,YES,f,NO,3.666666667
#798821593006764032,o,4,5,3,NO,YES,YES,f,NO,4
#798823296049389568,n,4,5,5,NO,NO,YES,f,NO,4.666666667
#798830061751128064,c,3,4,3,NO,NO,YES,f,NO,3.333333333
#798831002961330176,c,4,5,4,NO,NO,NO,f,NO,4.333333333
#798835238755409920,n,4,5,5,NO,NO,YES,f,NO,4.666666667
#798837959277486080,n,3,4,5,NO,NO,NO,f,NO,4
#798843367748608000,n,2,3,2,NO,NO,NO,n,NO,2.333333333
#798845210033688577,n,3,4,4,YES,NO,NO,a,NO,3.666666667
#798848584133160960,n,3,3,2,NO,NO,NO,f,NO,2.666666667
#798848795081457669,n,3,3,3,NO,NO,NO,f,NO,3
#798849893427097600,n,3,3,3,YES,NO,NO,n,NO,3
#798850079876468736,c,4,4,4,NO,NO,YES,f,NO,4
#798854410474385408,c,3,3,4,NO,YES,NO,f,NO,3.333333333
#798855067512160256,n,5,5,3,NO,NO,NO,f,NO,4.333333333
#798862386899783680,n,3,3,3,NO,NO,NO,f,NO,3
#798862856162656257,n,3,3,2,NO,NO,YES,f,NO,2.666666667
#798868363069882369,c,3,4,3,NO,NO,YES,n,NO,3.333333333
#798871791993233408,o,4,5,3,NO,NO,YES,a,NO,4
#798871869168287744,n,4,4,5,NO,NO,NO,f,NO,4.333333333
#798872115868876800,o,4,4,4,YES,NO,YES,f,NO,4
#798873250767876096,c,3,3,2,YES,NO,NO,f,NO,2.666666667
#798877395734368256,c,3,3,3,YES,NO,NO,f,NO,3
#798877824731856896,n,3,4,3,NO,YES,NO,n,NO,3.333333333
#798878290417045504,n,2,3,2,NO,NO,NO,f,NO,2.333333333
#798882473165934596,n,2,3,3,NO,NO,YES,f,NO,2.666666667
#798885630360985600,n,1,2,1,NO,NO,NO,n,NO,1.333333333
#798887787298693120,n,1,2,1,NO,NO,NO,n,NO,1.333333333
#798891044817412096,n,3,4,3,NO,NO,NO,a,NO,3.333333333
#798891898509225984,c,4,4,4,NO,NO,NO,f,NO,4
#798892735537102850,c,4,5,5,YES,NO,NO,a,NO,4.666666667
#798898142087237633,n,4,5,4,NO,NO,NO,n,NO,4.333333333
#798899361744875520,o,4,5,4,NO,YES,YES,f,NO,4.333333333
#798899481077051392,n,3,4,3,YES,NO,NO,a,NO,3.333333333
#798900461113933828,n,3,4,3,NO,YES,NO,a,NO,3.333333333
#798901243934408709,c,4,5,4,NO,YES,YES,f,NO,4.333333333
#798901629923667968,n,3,3,3,NO,NO,NO,f,NO,3
#798901789458214912,c,3,3,3,YES,NO,NO,a,NO,3
#798904606382112769,c,3,4,3,YES,NO,NO,f,NO,3.333333333
#798905758486147072,n,4,5,4,NO,NO,NO,a,NO,4.333333333
#798909527580033024,n,3,4,4,NO,NO,NO,a,NO,3.666666667
#798913767731961857,n,4,4,3,NO,NO,YES,f,NO,3.666666667
#798914970712875008,n,1,2,1,NO,NO,YES,a,NO,1.333333333
#798915867761201152,n,2,3,1,NO,NO,NO,a,NO,2
#798916079829430272,c,3,4,3,NO,NO,NO,f,NO,3.333333333
#798917449605185536,o,4,5,3,NO,YES,YES,f,NO,4
#798919766895276032,c,3,4,4,NO,YES,NO,f,NO,3.666666667
#798923823827603456,o,5,5,5,NO,NO,NO,f,NO,5
#798924200241078272,n,4,4,4,NO,NO,YES,f,NO,4
#798925078402461696,c,4,4,4,NO,NO,NO,f,NO,4
#798926348488232960,o,5,5,5,YES,YES,YES,f,NO,5
#798927806960803840,n,4,5,5,NO,NO,NO,f,NO,4.666666667
#798928215779602432,c,3,4,3,YES,NO,NO,f,NO,3.333333333
#798928353734590464,c,4,5,4,NO,NO,NO,f,NO,4.333333333
#798931063208710148,n,3,4,4,NO,NO,NO,f,NO,3.666666667
#798936726878228481,c,2,3,2,YES,NO,NO,f,NO,2.333333333
#798943296449978368,n,3,4,3,NO,YES,NO,f,NO,3.333333333
#798950797987844096,c,4,5,3,YES,NO,NO,a,NO,4
#798952438799532032,c,2,2,1,NO,YES,NO,a,NO,1.666666667
#798958627482697729,n,3,3,2,NO,NO,YES,n,NO,2.666666667
#798959501500149760,n,4,3,4,NO,NO,NO,f,NO,3.666666667
#798960334539259904,n,2,4,4,NO,NO,NO,a,NO,3.333333333
#798970951803097088,c,4,5,4,NO,YES,YES,f,NO,4.333333333
#799040325859819520,n,3,3,2,NO,NO,NO,f,NO,2.666666667
#799044058622459904,n,3,2,3,NO,NO,YES,f,NO,2.666666667
#799057413219483648,n,2,1,1,YES,NO,NO,n,NO,1.333333333
#799065135201431552,n,5,4,4,NO,NO,YES,f,NO,4.333333333
#799068074372526080,n,3,2,2,NO,NO,NO,a,NO,2.333333333
#799069170562433024,o,4,4,5,YES,NO,NO,f,NO,4.333333333
#799077714980257793,n,3,3,3,YES,NO,NO,f,NO,3
#799079402382512132,n,3,3,3,NO,NO,NO,n,NO,3
#799079531084541952,n,4,3,3,NO,YES,NO,a,NO,3.333333333
#799083064043388928,n,3,3,3,NO,NO,NO,f,NO,3
#799095711744880640,n,4,3,3,NO,NO,NO,f,NO,3.333333333
#799099820472418305,o,5,5,5,YES,YES,YES,a,YES,5
#799106796258521089,n,3,3,2,NO,NO,NO,f,NO,2.666666667
#799106812347895808,n,3,2,2,NO,NO,NO,f,NO,2.333333333
#799107063414538241,o,4,5,5,NO,NO,YES,f,YES,4.666666667
#799108599305805824,n,3,2,3,NO,NO,YES,f,NO,2.666666667
#799112419012284416,o,3,4,3,YES,NO,NO,f,NO,3.333333333
#799113329683922944,n,4,4,3,NO,NO,NO,f,NO,3.666666667
#799115138611589120,n,3,3,2,NO,NO,NO,f,NO,2.666666667
#799115436940029952,o,4,3,2,NO,YES,NO,f,NO,3
#799116244515291136,n,4,3,3,NO,NO,NO,f,NO,3.333333333
#799116470215020548,n,3,3,3,NO,NO,NO,f,NO,3
#799117036597243904,n,5,5,5,NO,NO,NO,a,NO,5
#799120982476787712,n,3,3,2,NO,NO,NO,f,NO,2.666666667
#799121232474079232,c,3,4,4,NO,NO,YES,f,NO,3.666666667
#799122293024821248,o,4,4,4,NO,YES,NO,f,NO,4
#799124147624296448,c,4,4,4,NO,YES,NO,a,NO,4
#799124248761667584,o,4,3,4,NO,YES,NO,f,NO,3.666666667
#799124426327371776,n,4,5,4,NO,YES,YES,a,NO,4.333333333
#799126299264643072,c,3,3,3,YES,NO,NO,f,NO,3
#799126857618694144,n,3,3,2,NO,NO,NO,f,NO,2.666666667
#799128760847106048,c,4,4,3,YES,NO,NO,f,NO,3.666666667
#799130337594908672,o,4,4,3,NO,NO,YES,f,YES,3.666666667
#799131589288464384,c,3,2,2,NO,NO,NO,f,NO,2.333333333
#799131634117255176,n,3,2,2,NO,NO,NO,f,NO,2.333333333
#799133632988184577,n,4,4,4,NO,NO,YES,f,NO,4
#799137278731948032,n,4,3,3,YES,NO,NO,a,NO,3.333333333
#799138146319499264,n,3,4,3,YES,NO,NO,a,NO,3.333333333
#799147174349144064,n,4,4,3,NO,NO,NO,f,NO,3.666666667
#799148582083276800,c,4,4,3,NO,YES,NO,f,NO,3.666666667
#799149429454319616,o,5,5,5,NO,NO,YES,f,NO,5
#799149792735567872,o,4,4,4,NO,NO,NO,f,NO,4
#799150305594249217,n,4,4,4,NO,NO,YES,f,NO,4
#799151308511055872,n,3,3,3,NO,NO,YES,f,NO,3
#799153987043741696,n,2,4,4,NO,NO,YES,n,NO,3.333333333
#799154911300571137,n,3,3,3,NO,NO,NO,f,NO,3
#799155359558430720,n,4,4,3,NO,YES,NO,a,NO,3.666666667
#799155989610106880,n,3,2,2,NO,NO,NO,n,NO,2.333333333
#799158107939229696,n,3,3,2,NO,NO,NO,f,NO,2.666666667
#799160270601981952,c,4,4,3,NO,YES,YES,f,NO,3.666666667
#799160621069520897,n,3,3,2,NO,NO,NO,f,NO,2.666666667
#799164551233032193,n,4,3,3,NO,NO,NO,f,NO,3.333333333
#799167030452686848,o,3,3,3,NO,YES,NO,f,NO,3
#799167790754054144,n,4,5,3,NO,NO,NO,n,NO,4
#799170749600649217,o,3,3,3,NO,NO,YES,f,NO,3
#799171258814373888,o,4,4,3,NO,YES,NO,f,NO,3.666666667
#799171822881148928,c,3,4,3,NO,NO,YES,f,NO,3.333333333
#799172753706258432,n,3,4,3,NO,NO,YES,f,NO,3.333333333
#799175652649877505,n,3,3,2,NO,NO,NO,a,NO,2.666666667
#799176598255763456,o,4,4,3,NO,NO,YES,f,NO,3.666666667
#799177000233684992,n,3,4,3,NO,NO,YES,a,NO,3.333333333
#799180242736783360,n,4,5,3,NO,NO,YES,f,NO,4
#799180809928327168,o,4,5,3,NO,NO,YES,f,NO,4
#799180945345552384,o,4,4,4,NO,YES,YES,f,NO,4
#799182098988830720,n,3,4,4,NO,NO,NO,f,NO,3.666666667
#799182189019566081,o,4,5,4,YES,NO,NO,f,NO,4.333333333
#799184185395027968,o,4,4,4,NO,YES,NO,f,NO,4
#799185937695547392,n,3,3,3,NO,NO,NO,n,NO,3
#799186134215626752,n,3,3,3,NO,NO,NO,f,NO,3
#799186218575491072,n,3,4,4,NO,YES,NO,f,NO,3.666666667
#799186662932647936,n,4,4,3,NO,NO,YES,n,NO,3.666666667
#799190592169398272,n,3,4,3,NO,NO,NO,f,NO,3.333333333
#799195079638274048,n,3,3,4,YES,NO,NO,a,NO,3.333333333
#799196732051648516,n,4,4,3,NO,NO,YES,f,NO,3.666666667
#799223933681553412,c,3,5,4,NO,YES,NO,f,NO,4
#799200794062925825,n,4,5,3,NO,NO,NO,f,NO,4
#799202396446433280,n,3,4,4,NO,NO,NO,f,NO,3.666666667
#799202549970501632,o,4,5,3,NO,YES,NO,f,NO,4
#799202662101098496,n,2,3,3,NO,NO,NO,n,NO,2.666666667
#799203074627620864,n,2,4,3,NO,NO,NO,f,NO,3
#799203197684477952,o,4,4,3,NO,YES,NO,f,NO,3.666666667
#799203432670363648,n,3,3,3,NO,NO,YES,f,NO,3
#799203624148758530,c,3,3,3,NO,NO,NO,f,NO,3
#799204490876362752,c,3,4,3,YES,NO,NO,f,NO,3.333333333
#799205881598582784,o,3,3,3,NO,YES,NO,f,NO,3
#799206119830933504,o,3,4,2,NO,YES,NO,f,NO,3
#799206168161710080,n,2,4,3,NO,NO,YES,n,NO,3
#799208050800398336,c,4,5,5,NO,NO,YES,a,NO,4.666666667
#799210890000273408,n,3,4,,NO,YES,NO,a,NO,3.5
#799211588217700352,c,3,4,3,NO,NO,NO,f,NO,3.333333333
#799211803251093504,o,5,5,5,NO,NO,YES,f,NO,5
#799212164099624960,c,3,3,3,YES,NO,NO,f,NO,3
#799213632961687553,c,3,4,4,NO,NO,NO,f,NO,3.666666667
#799213652054196225,n,3,4,3,NO,NO,NO,a,NO,3.333333333
#799214030116122624,c,4,5,4,NO,NO,NO,f,NO,4.333333333
#799217960325771264,n,3,2,2,NO,NO,YES,f,NO,2.333333333
#799223601983528960,n,2,3,3,YES,NO,NO,n,NO,2.666666667
#799227106110492673,o,4,5,4,YES,NO,NO,n,NO,4.333333333
#799227830127034372,n,3,4,3,YES,NO,NO,f,NO,3.333333333
#799228937452814337,c,5,5,5,NO,NO,YES,f,NO,5
#799230454985465860,n,4,4,3,NO,NO,NO,f,NO,3.666666667
#799235522094841856,n,4,4,4,NO,NO,NO,a,NO,4
#799237088591761408,c,2,3,2,NO,NO,NO,a,NO,2.333333333
#799238534033010688,c,3,4,4,NO,NO,NO,f,NO,3.666666667
#799242486715662336,n,3,4,4,NO,NO,NO,f,NO,3.666666667
#799242806279557120,n,4,4,3,NO,YES,NO,f,NO,3.666666667
#799243241266630656,c,4,4,3,YES,NO,NO,f,NO,3.666666667
#799243709560725504,o,4,4,3,NO,NO,YES,f,NO,3.666666667
#799243898774110208,n,3,3,,NO,NO,NO,f,NO,3
#799246234825302016,n,4,5,4,NO,NO,YES,f,NO,4.333333333
#799246448382480384,n,3,4,4,NO,YES,NO,a,NO,3.666666667
#799247271485325313,c,4,3,3,YES,NO,NO,f,NO,3.333333333
#799248084681134080,c,5,4,4,NO,YES,YES,f,NO,4.333333333
#799248299328946176,n,4,4,3,NO,NO,YES,f,NO,3.666666667
#799248650454999042,n,3,4,3,NO,YES,NO,n,NO,3.333333333
#799248668255584256,n,3,3,3,NO,NO,YES,f,NO,3
#799248800715939841,c,4,3,3,NO,NO,NO,n,NO,3.333333333
#799248880093249536,n,5,4,4,NO,NO,NO,f,NO,4.333333333
#799258992673308672,n,3,4,4,NO,NO,NO,n,NO,3.666666667
#799260982719619072,n,2,3,2,NO,NO,YES,f,NO,2.333333333
#799263771759886336,n,3,3,2,NO,NO,NO,f,NO,2.666666667
#799263776038158336,o,4,4,4,NO,NO,NO,f,NO,4
#799264161926553600,n,2,3,3,NO,NO,NO,f,NO,2.666666667
#799266102790369280,n,1,2,1,NO,NO,NO,n,NO,1.333333333
#799266987570364416,n,3,2,2,NO,NO,YES,n,NO,2.333333333
#799270618709499904,n,2,3,2,YES,NO,NO,n,NO,2.333333333
#799270721281081344,n,3,3,3,NO,NO,YES,f,NO,3
#799274007656861697,n,4,5,4,NO,NO,YES,f,NO,4.333333333
#799276566815457280,c,4,5,4,NO,NO,NO,f,NO,4.333333333
#799276772428759041,n,3,3,3,NO,YES,NO,a,NO,3
#799278982441144320,n,2,3,2,NO,NO,NO,n,NO,2.333333333
#799280093491171328,o,3,4,4,NO,NO,YES,f,NO,3.666666667
#799280232020619264,o,4,5,5,NO,NO,NO,f,NO,4.666666667
#799280535763697664,n,5,5,5,NO,NO,YES,f,NO,5
#799281779123388416,n,2,2,1,NO,NO,NO,n,NO,1.666666667
#799282291151245313,o,5,5,5,YES,NO,NO,f,NO,5
#799282943642341377,n,4,5,5,NO,NO,NO,f,NO,4.666666667
#799284886905454592,c,3,4,3,YES,NO,NO,f,NO,3.333333333
#799285507834384384,c,4,5,4,NO,NO,YES,f,NO,4.333333333
#799288195330412544,n,5,5,5,YES,NO,YES,f,NO,5
#799288917019201540,n,4,5,4,NO,NO,NO,f,NO,4.333333333
#799289726238867456,n,4,5,4,NO,NO,NO,f,NO,4.333333333
#799289980095000581,c,4,5,5,YES,YES,NO,f,NO,4.666666667
#799290358647533568,n,3,3,3,YES,NO,NO,f,NO,3
#799292751372316673,o,3,4,3,NO,NO,NO,f,NO,3.333333333
#799293095380680704,o,5,5,3,NO,YES,NO,f,NO,4.333333333
#799293439720321025,n,3,4,3,NO,NO,NO,f,NO,3.333333333
#799293609405218816,n,3,3,3,NO,NO,NO,f,NO,3
#799293944299339776,o,5,5,5,NO,NO,NO,f,NO,5
#799294327000334338,n,3,3,3,NO,NO,NO,n,NO,3
#799294569854603264,o,5,5,5,NO,NO,YES,f,NO,5
#799295099116978176,n,3,3,3,NO,NO,NO,f,NO,3
#799295551451856896,c,4,4,3,NO,NO,NO,f,NO,3.666666667
#799295806482345985,c,3,4,3,NO,NO,NO,a,NO,3.333333333
#799296258804285440,c,3,4,4,NO,NO,NO,f,NO,3.666666667
#799296663407890433,c,4,3,3,NO,NO,NO,f,NO,3.333333333
#799296838394257408,c,5,5,5,YES,YES,NO,f,NO,5
#799298170907860992,o,5,4,5,NO,NO,NO,f,YES,4.666666667
#799302531146924032,n,3,4,3,NO,NO,NO,a,NO,3.333333333
#799303453210251264,c,3,4,4,NO,NO,YES,a,NO,3.666666667
#799305777953390593,n,4,4,4,NO,NO,NO,f,NO,4
#799307582791938048,c,4,3,3,NO,YES,NO,f,NO,3.333333333
#799309000537817088,n,4,4,4,NO,NO,NO,n,NO,4
#799309277953335296,n,4,3,3,NO,NO,YES,f,NO,3.333333333
#799310651025854465,o,5,5,5,NO,YES,NO,f,NO,5
#799311350920949760,n,4,3,3,NO,YES,YES,f,NO,3.333333333
#799312174112014336,c,5,4,4,NO,YES,NO,f,NO,4.333333333
#799313137283440640,n,4,5,4,NO,NO,NO,f,NO,4.333333333
#799313752642359296,n,3,4,3,YES,NO,YES,f,NO,3.333333333
#799317421903507460,n,3,3,3,NO,NO,YES,n,NO,3
#799318837682323456,n,2,3,3,NO,NO,NO,n,NO,2.666666667
#799331147058708480,n,3,3,3,NO,NO,NO,n,NO,3
#799331910849859584,n,3,4,3,NO,NO,YES,f,NO,3.333333333
#799336934212386816,n,4,4,4,NO,NO,YES,n,NO,4
#799339618038476800,c,5,4,4,YES,NO,NO,f,NO,4.333333333
#799359964934377472,c,4,3,3,NO,NO,YES,a,NO,3.333333333
#799385331170578432,n,3,4,3,NO,NO,NO,n,NO,3.333333333
#799392382043176960,o,5,5,5,NO,NO,YES,f,YES,5
#799405850616098817,n,5,5,5,NO,YES,NO,f,NO,5
#799429670848466944,n,4,5,4,YES,NO,NO,f,NO,4.333333333
#799431681140629504,n,3,2,2,NO,NO,NO,n,NO,2.333333333
#799446386248978432,n,3,3,3,NO,NO,NO,f,NO,3
#799452477351333888,o,5,5,5,NO,YES,YES,f,YES,5
#799452659476402177,n,4,4,3,NO,NO,YES,n,NO,3.666666667
#799452861637619712,n,3,4,4,NO,NO,YES,f,NO,3.666666667
#799453342237884416,n,2,3,2,NO,NO,YES,f,NO,2.333333333
#799458910075834369,c,3,3,3,YES,NO,NO,f,NO,3
#799463368457228288,c,3,4,4,NO,YES,NO,n,NO,3.666666667
#799464167031730176,n,3,2,2,NO,NO,YES,f,NO,2.333333333
#799465453508816898,n,4,4,3,NO,NO,NO,n,NO,3.666666667
#799470196364673025,n,4,3,3,NO,NO,NO,a,NO,3.333333333
#799475388871127040,c,4,3,3,NO,NO,YES,f,NO,3.333333333
#799475517564952576,n,4,4,3,NO,NO,NO,a,NO,3.666666667
#799482635869360128,o,4,4,4,YES,NO,NO,f,NO,4
#799483377002823680,c,3,4,4,NO,YES,NO,f,NO,3.666666667
#799488455671693313,n,3,3,3,NO,NO,NO,n,NO,3
#799491981130997760,c,4,3,3,NO,YES,NO,n,NO,3.333333333
#799492951202209793,n,2,3,2,NO,NO,NO,f,NO,2.333333333
#799495619371012096,n,2,3,3,NO,NO,NO,f,NO,2.666666667
#799496655103991808,n,3,3,3,NO,NO,YES,f,NO,3
#799499531096326145,n,3,3,3,NO,NO,NO,f,NO,3
#799499553334509568,n,3,4,,NO,NO,NO,f,NO,3.5
#799506847652790273,n,3,3,3,NO,NO,NO,f,NO,3
#799507877371281408,c,4,5,5,NO,YES,YES,n,NO,4.666666667
#799508456164225024,n,2,3,2,NO,NO,NO,n,NO,2.333333333
#799508845458558981,n,3,4,4,NO,NO,YES,f,NO,3.666666667
#799510091611389953,n,3,4,3,NO,YES,NO,n,NO,3.333333333
#799512093141696513,n,3,3,3,YES,NO,NO,a,NO,3
#799513817436876800,n,5,4,4,YES,NO,YES,f,NO,4.333333333
#799514913345568768,c,5,4,5,NO,NO,YES,f,NO,4.666666667
#799516652463419392,n,3,3,3,NO,NO,NO,n,NO,3
#799517540842164224,n,3,4,3,YES,NO,NO,a,NO,3.333333333
#799522153301426176,c,2,3,2,NO,NO,NO,a,NO,2.333333333
#799522507183288320,c,3,3,3,NO,YES,NO,n,NO,3
#799522531065626628,c,3,4,4,NO,NO,NO,f,NO,3.666666667
#799527620283105280,c,2,2,2,NO,YES,NO,a,NO,2
#799534433002995716,o,5,5,4,NO,YES,YES,f,YES,4.666666667
#799538731006984192,n,3,4,3,NO,YES,NO,n,NO,3.333333333
#799542383100784641,n,3,4,3,NO,NO,YES,f,NO,3.333333333
#799544490847510529,n,4,4,4,NO,NO,NO,f,NO,4
#799545738455871488,c,4,5,4,YES,NO,NO,n,YES,4.333333333
#799546144963657729,n,5,5,5,NO,NO,NO,f,NO,5
#799546278380183552,n,3,3,3,YES,NO,NO,n,NO,3
#799546570924560384,n,2,3,2,NO,YES,NO,n,NO,2.333333333
#799550520805490688,c,3,3,3,NO,YES,NO,f,NO,3
#799553132229443590,n,3,3,3,NO,NO,NO,a,NO,3
#799554781559816193,c,2,3,2,NO,NO,YES,f,NO,2.333333333
#799555366703009792,n,4,4,4,NO,NO,NO,f,NO,4
#799556710570541056,c,3,3,3,YES,YES,NO,a,NO,3
#799557546986110981,n,3,3,2,NO,NO,YES,n,NO,2.666666667
#799560405412618240,n,3,3,2,NO,NO,NO,a,NO,2.666666667
#799568031781306368,n,3,3,3,NO,NO,NO,n,NO,3
#799571521245065216,o,5,4,4,NO,YES,NO,f,NO,4.333333333
#799575222445707264,n,3,3,3,NO,NO,NO,f,NO,3
#799577369862291456,c,3,4,3,NO,YES,NO,f,NO,3.333333333
#799577538469183488,n,4,3,3,NO,NO,YES,a,NO,3.333333333
#799579339406745604,n,3,3,3,NO,NO,NO,n,NO,3
#799579775350149120,n,3,4,4,YES,NO,NO,n,NO,3.666666667
#799587083597688832,c,4,3,3,NO,NO,NO,f,NO,3.333333333
#799589059731406848,n,3,3,3,NO,NO,NO,a,NO,3
#799589424560357377,c,4,4,3,NO,NO,NO,f,NO,3.666666667
#799593547049664516,n,3,4,3,NO,NO,NO,a,NO,3.333333333
#799594194373263360,n,2,2,1,NO,NO,NO,n,NO,1.666666667
#799595528053018624,n,3,3,3,NO,NO,NO,n,NO,3
#799596982859796481,o,5,5,5,NO,YES,NO,f,NO,5
#799599872164896769,n,4,3,3,NO,NO,NO,a,NO,3.333333333
#799599940242575360,o,5,4,4,NO,YES,NO,f,NO,4.333333333
#799604131400916992,c,4,3,3,YES,NO,NO,a,NO,3.333333333
#799604516836360192,c,5,4,5,YES,NO,YES,f,NO,4.666666667
#799609040573698048,n,3,3,3,YES,NO,NO,n,NO,3
#799610679078436864,n,5,4,4,NO,NO,NO,a,NO,4.333333333
#799611577569865728,n,3,3,3,NO,NO,NO,f,NO,3
#799611864103546880,n,3,3,3,NO,NO,NO,f,NO,3
#799611890171191296,o,5,5,5,NO,NO,NO,f,YES,5
#799613480336691200,c,4,3,3,NO,NO,YES,n,NO,3.333333333
#799613624759316481,o,3,3,3,NO,NO,YES,n,NO,3
#799614036778176512,c,4,4,4,NO,NO,YES,f,NO,4
#799619911492386816,c,3,2,2,NO,NO,NO,n,NO,2.333333333
#799621589176229888,o,4,3,3,NO,YES,NO,f,NO,3.333333333
#799622223761915904,n,3,4,3,NO,NO,YES,f,NO,3.333333333
#799622738532892672,n,3,3,3,NO,NO,NO,n,NO,3
#799625569100926976,o,5,5,5,NO,NO,NO,f,NO,5
#799630302566088704,n,4,4,4,NO,YES,NO,a,NO,4
#799633286226186240,n,3,4,3,NO,NO,YES,f,NO,3.333333333
#799633876872204289,n,3,3,3,NO,NO,NO,f,NO,3
#799635141916119040,n,4,3,3,NO,NO,YES,f,NO,3.333333333
#799635803806658561,n,5,5,4,NO,NO,NO,f,NO,4.666666667
#799635876640747520,n,3,3,3,NO,NO,NO,f,NO,3
#799636415990509568,n,3,3,3,YES,NO,NO,f,NO,3
#799636544780779520,n,3,3,4,NO,NO,NO,f,NO,3.333333333
#799637508833312769,n,3,3,3,NO,YES,NO,n,NO,3
#799638611461283841,c,3,4,3,NO,NO,NO,a,NO,3.333333333
#799638857306095616,n,4,4,4,NO,NO,NO,a,NO,4
#799639640621858816,c,3,3,3,NO,NO,NO,n,NO,3
#799640184828542976,n,3,3,3,NO,NO,YES,a,NO,3
#799642219971952641,n,3,2,4,NO,NO,NO,n,NO,3
#799643052491083776,n,2,3,4,NO,NO,NO,f,NO,3
#799643794719158272,n,3,3,4,NO,NO,NO,f,NO,3.333333333
#799644683819368448,n,2,2,3,NO,NO,NO,n,NO,2.333333333
#799645986117193730,n,1,2,1,NO,NO,NO,n,NO,1.333333333
#799649246903353344,n,2,2,2,NO,NO,NO,n,NO,2
#799651622754230272,c,3,4,3,YES,NO,NO,n,NO,3.333333333
#799651744561111040,o,3,4,3,YES,NO,NO,f,NO,3.333333333
#799651993430147073,n,4,3,3,NO,NO,NO,f,NO,3.333333333
#799652129006710784,n,3,3,1,NO,NO,NO,n,NO,2.333333333
#799652856366149632,n,1,2,2,NO,NO,NO,f,NO,1.666666667
#799653026986426368,n,1,1,2,NO,NO,NO,a,NO,1.333333333
#799654422808694784,n,2,2,1,NO,NO,NO,n,NO,1.666666667
#799656359713275904,c,3,4,2,NO,NO,NO,f,NO,3
#799657430061879297,o,4,3,4,NO,NO,NO,f,NO,3.666666667
#799663287830839296,c,3,4,3,YES,NO,NO,a,NO,3.333333333
#799667297128304640,n,2,1,3,NO,NO,NO,n,NO,2
#799667648187334656,n,4,4,5,NO,NO,NO,f,NO,4.333333333
#799673866654097408,c,3,2,4,NO,NO,NO,f,NO,3
#799676715605823488,n,4,4,3,NO,NO,YES,f,NO,3.666666667
#799677719852134401,n,3,2,2,NO,NO,NO,a,NO,2.333333333
#799681018810736640,c,3,4,4,NO,NO,NO,f,NO,3.666666667
#799681075635224576,o,5,4,5,NO,YES,NO,f,NO,4.666666667
#801048486498045953,n,3,2,2,NO,NO,NO,a,NO,2.333333333
#801052809718272000,n,3,2,2,NO,NO,NO,f,NO,2.333333333
#801055385343971328,n,2,3,2,NO,NO,NO,a,NO,2.333333333
#801055677334458368,c,5,4,4,NO,NO,NO,a,NO,4.333333333
#801056079828267008,n,3,3,3,NO,NO,NO,f,NO,3
#801056460406829057,c,2,3,2,NO,NO,NO,n,NO,2.333333333
#801059291587190784,c,3,3,2,NO,NO,NO,n,NO,2.666666667
#801059848645464064,c,3,3,3,NO,NO,NO,f,NO,3
#801063501938753536,c,3,4,3,NO,NO,NO,f,NO,3.333333333
#801063840792408064,n,3,3,3,NO,NO,NO,f,NO,3
#801064786679173120,n,2,2,1,NO,NO,NO,a,NO,1.666666667
#801065553418997760,n,3,3,2,NO,NO,NO,f,NO,2.666666667
#801065579310411776,n,3,3,3,NO,NO,NO,f,NO,3
#801298613368483840,n,3,3,3,NO,NO,NO,f,NO,3
#801066642025353216,c,3,2,2,NO,NO,NO,n,NO,2.333333333
#801067277017718785,n,3,3,3,NO,NO,NO,f,NO,3
#801071644831809537,n,4,3,4,NO,NO,NO,f,NO,3.666666667
#801072990959996928,c,3,3,2,NO,NO,NO,n,NO,2.666666667
#801074028278521856,n,3,4,3,NO,NO,NO,f,NO,3.333333333
#801075507450167296,o,4,4,4,NO,NO,NO,f,NO,4
#801077705915580416,o,4,3,3,NO,NO,NO,f,NO,3.333333333
#801079214778830848,n,4,3,3,YES,NO,NO,f,NO,3.333333333
#801080615630209024,o,3,3,3,NO,NO,NO,n,NO,3
#801081873720033280,n,4,3,4,NO,NO,NO,f,NO,3.666666667
#801081963440263168,o,4,4,4,NO,YES,NO,a,NO,4
#801086473764212736,n,3,4,2,NO,NO,NO,f,NO,3
#801086832217731072,c,3,3,3,NO,NO,YES,n,NO,3
#801086909866917888,n,3,3,2,NO,NO,NO,n,NO,2.666666667
#801087516006723585,c,3,3,3,NO,NO,NO,f,NO,3
#801088925401956352,n,3,2,3,NO,NO,NO,n,NO,2.666666667
#801089928696315904,c,3,4,3,NO,NO,YES,n,NO,3.333333333
#801089981859000320,n,4,3,4,NO,NO,NO,f,NO,3.666666667
#801092517378674688,n,3,3,3,NO,NO,NO,f,NO,3
#801093036910538752,n,3,3,3,NO,NO,NO,n,NO,3
#801093065570033664,n,3,4,3,YES,NO,NO,a,NO,3.333333333
#801093341022588928,n,3,3,2,NO,NO,NO,n,NO,2.666666667
#801093344013139968,o,4,4,2,YES,NO,NO,n,YES,3.333333333
#801093562880274432,c,4,3,3,NO,NO,NO,f,NO,3.333333333
#801094574001287168,n,3,3,3,NO,NO,NO,f,NO,3
#801095289486471168,c,3,3,2,NO,NO,NO,n,NO,2.666666667
#801096657903489024,c,4,4,3,NO,NO,NO,a,NO,3.666666667
#801097345408598016,n,3,3,3,NO,NO,NO,a,NO,3
#801097800129937408,n,3,2,1,NO,NO,NO,f,NO,2
#801099195067183104,n,3,3,3,NO,NO,NO,f,NO,3
#801110484514586625,n,3,3,3,NO,NO,NO,f,NO,3
#801111370058108928,c,4,3,3,NO,NO,NO,n,NO,3.333333333
#801118080910790656,o,5,5,4,NO,NO,YES,f,NO,4.666666667
#801119314275344385,n,3,2,2,NO,NO,NO,n,NO,2.333333333
#801122097602793473,n,3,2,3,NO,NO,NO,f,NO,2.666666667
#801123555463176193,n,4,4,3,NO,NO,NO,n,NO,3.666666667
#801126777561247744,o,3,3,3,NO,NO,NO,n,NO,3
#801126792912216064,o,4,5,4,NO,YES,NO,f,NO,4.333333333
#801127962321907712,n,3,4,3,NO,NO,NO,f,NO,3.333333333
#801128792987049984,n,2,3,2,YES,YES,NO,a,NO,2.333333333
#801134072630165504,n,2,3,3,NO,NO,NO,n,NO,2.666666667
#801135827321376769,o,4,5,3,YES,NO,NO,a,NO,4
#801146489636417537,n,3,3,3,NO,NO,NO,n,NO,3
#801150162383110144,n,3,2,3,NO,NO,NO,f,NO,2.666666667
#801151382094909440,n,2,1,3,NO,NO,NO,f,NO,2
#801156912502874113,n,2,3,3,NO,NO,NO,a,NO,2.666666667
#801158884211720192,c,3,3,3,NO,NO,NO,n,NO,3
#801159507195752448,c,3,2,1,YES,NO,NO,n,NO,2
#801166974394863616,n,3,2,4,NO,NO,NO,f,NO,3
#801208958828642305,o,5,4,4,NO,YES,NO,f,NO,4.333333333
#801220509530607616,c,3,4,3,YES,NO,NO,f,NO,3.333333333
#801229043261652992,n,3,3,3,NO,NO,NO,f,NO,3
#801240357174439936,n,3,4,4,YES,NO,NO,f,NO,3.666666667
#801241813822513153,n,2,3,3,NO,NO,NO,f,NO,2.666666667
#801242776583053322,n,3,3,3,NO,NO,NO,f,NO,3
#801243022440550400,n,4,3,3,NO,NO,NO,f,NO,3.333333333
#801243815684308992,n,3,4,3,NO,NO,NO,f,NO,3.333333333
#801248196185952256,n,3,2,2,NO,NO,NO,f,NO,2.333333333
#801248720117448704,c,4,3,3,NO,NO,NO,a,NO,3.333333333
#801251004352053248,n,2,2,1,NO,NO,NO,f,NO,1.666666667
#801259903276826624,n,3,2,1,NO,NO,NO,f,NO,2
#801260776069746688,n,1,1,1,NO,NO,NO,f,NO,1
#801261885395910656,n,4,3,3,NO,NO,NO,f,NO,3.333333333
#801262971179573248,n,3,3,3,NO,NO,NO,n,NO,3
#801267348049170436,n,2,1,1,NO,NO,NO,n,NO,1.333333333
#801269459910557696,n,3,3,3,NO,NO,NO,f,NO,3
#801269504923799552,c,3,2,3,YES,NO,NO,a,NO,2.666666667
#801271356939583488,n,4,4,4,NO,YES,NO,f,NO,4
#801272049746509824,n,2,3,2,NO,NO,NO,n,NO,2.333333333
#801272244433338368,n,3,4,4,NO,NO,NO,a,NO,3.666666667
#801275975891828736,n,3,3,4,NO,NO,NO,f,NO,3.333333333
#801276943408603136,o,5,5,5,NO,YES,NO,f,NO,5
#801279035779076100,c,3,4,3,NO,NO,NO,n,NO,3.333333333
#801279797401911296,n,3,3,3,NO,NO,NO,f,NO,3
#801281436409937924,n,3,4,4,NO,NO,NO,n,NO,3.666666667
#801281509940428800,n,5,4,4,NO,NO,NO,f,NO,4.333333333
#801282440002080768,c,2,2,2,NO,NO,NO,n,NO,2
#801282484151291905,n,1,2,1,NO,NO,NO,a,NO,1.333333333
#801282800561188864,n,2,3,3,NO,NO,NO,f,NO,2.666666667
#801282867909246976,o,4,5,4,NO,NO,NO,n,NO,4.333333333
#801286592451121153,n,3,3,4,YES,NO,NO,n,NO,3.333333333
#801286956613246976,n,4,3,3,NO,NO,YES,f,NO,3.333333333
#801287233621913600,n,1,2,2,NO,NO,NO,n,NO,1.666666667
#801288111246508032,n,3,3,3,NO,NO,NO,f,NO,3
#801288635433762816,c,3,2,3,NO,NO,NO,f,NO,2.666666667
#801289990454079490,o,3,4,3,NO,NO,NO,f,YES,3.333333333
#801291157733015553,n,4,3,4,NO,NO,NO,f,NO,3.666666667
#801291423609978880,c,4,4,4,NO,YES,NO,f,NO,4
#801291988276510720,c,5,5,5,YES,NO,NO,f,NO,5
#801300644565024769,n,3,3,3,NO,NO,NO,f,NO,3
#801300722310676481,n,3,3,2,NO,NO,NO,f,NO,2.666666667
#801301053299892225,n,2,3,3,NO,NO,NO,f,NO,2.666666667
#801302068522782721,n,3,3,3,NO,NO,NO,f,NO,3
#801302564134354945,c,4,3,3,NO,NO,NO,n,NO,3.333333333
#801302704907845632,n,2,3,2,NO,NO,NO,f,NO,2.333333333
#801303066800701440,n,3,3,3,NO,NO,NO,n,NO,3
#801304370113609728,n,2,2,2,NO,NO,NO,n,NO,2
#801308415138136064,n,2,3,3,NO,NO,NO,a,NO,2.666666667
#801308615999098880,n,2,2,2,NO,NO,YES,n,NO,2
#801313663823048704,n,3,4,3,NO,NO,NO,f,NO,3.333333333
#801313691723591680,n,3,2,2,NO,NO,NO,f,NO,2.333333333
#801315630649606144,n,4,4,4,NO,NO,NO,f,NO,4
#801317457956835328,c,4,3,3,NO,NO,NO,f,NO,3.333333333
#801319643705118724,n,2,2,2,NO,NO,NO,f,NO,2
#801321538721116160,n,4,4,4,NO,NO,NO,n,NO,4
#801322222753300480,n,2,1,1,NO,NO,NO,f,NO,1.333333333
#801323555644461060,c,4,3,2,NO,NO,NO,f,NO,3
#801325317315039232,n,5,5,4,NO,NO,NO,f,NO,4.666666667
#801327407168897024,n,5,4,4,NO,NO,NO,n,NO,4.333333333
#801327968962408448,n,2,3,2,NO,NO,NO,f,NO,2.333333333
#801328907731501056,o,5,5,4,NO,YES,NO,n,NO,4.666666667
#801330003224961028,n,3,3,3,NO,NO,YES,a,NO,3
#801330104240664577,n,3,3,3,NO,NO,NO,n,NO,3
#801330896569794561,n,1,2,1,NO,NO,NO,a,NO,1.333333333
#801332383068852224,n,3,2,2,NO,NO,NO,f,NO,2.333333333
#801333307963219968,c,2,3,3,YES,NO,NO,n,NO,2.666666667
#801336419214118913,n,2,3,2,NO,NO,NO,f,NO,2.333333333
#801336730276261888,n,4,5,4,NO,NO,NO,n,NO,4.333333333
#801337753736773632,c,4,4,4,NO,NO,YES,f,NO,4
#801338028010700802,n,4,3,3,NO,NO,NO,n,NO,3.333333333
#801338366587506688,n,3,3,3,NO,NO,NO,n,NO,3
#801338645198368768,n,3,3,2,NO,NO,NO,n,NO,2.666666667
#801340690852618240,c,4,3,3,NO,NO,NO,n,NO,3.333333333
#801342110381248513,n,4,5,2,YES,NO,NO,n,NO,3.666666667
#801343079978565632,n,3,3,2,NO,NO,YES,a,NO,2.666666667
#801343106352377856,n,2,1,2,NO,NO,NO,f,NO,1.666666667
#801343348724350978,n,3,2,3,YES,NO,NO,f,NO,2.666666667
#801343890808836096,n,3,3,2,YES,NO,NO,n,NO,2.666666667
#801349599197859847,o,2,3,3,NO,NO,NO,f,NO,2.666666667
#801351714314010628,o,5,5,5,NO,NO,NO,f,YES,5
#801353454333677570,n,4,3,4,NO,NO,NO,a,NO,3.666666667
#801356793041551362,n,5,4,2,NO,NO,NO,n,NO,3.666666667
#801356902185762816,n,5,4,4,NO,YES,NO,f,NO,4.333333333
#801359327936315393,n,3,4,2,NO,NO,NO,n,NO,3
#801359629745844225,n,5,4,4,NO,NO,NO,f,NO,4.333333333
#801361321115713536,n,3,3,3,NO,NO,NO,n,NO,3
#801362074202992643,n,2,2,2,NO,NO,NO,n,NO,2
#801363924679532544,c,4,3,3,NO,NO,NO,f,NO,3.333333333
#801365961085435904,c,4,4,4,NO,NO,NO,f,NO,4
#801368250671996929,n,2,3,2,NO,NO,NO,f,NO,2.333333333
#801368682735792128,n,3,3,3,NO,NO,NO,f,NO,3
#801368778873466880,o,5,5,5,NO,NO,NO,f,YES,5
#801369020775665664,c,2,2,1,YES,NO,NO,a,NO,1.666666667
#801369342336180224,n,3,2,2,NO,NO,NO,f,NO,2.333333333
#801369753289891840,n,3,3,3,NO,NO,YES,n,NO,3
#801370524374933504,o,4,3,3,NO,YES,NO,f,NO,3.333333333
#801373390317625344,n,2,2,2,NO,NO,YES,a,NO,2
#801374223394476034,n,3,4,3,NO,NO,NO,f,NO,3.333333333
#801375363389591552,n,3,3,3,YES,NO,NO,f,NO,3
#801376175864090624,n,2,3,2,NO,NO,NO,f,NO,2.333333333
#801376383473778688,n,2,1,2,NO,NO,NO,f,NO,1.666666667
#801376540730609664,o,2,3,1,NO,NO,NO,f,NO,2
#801376872810614784,o,3,4,3,NO,NO,NO,f,NO,3.333333333
#801378407821021184,c,3,3,3,NO,NO,NO,f,NO,3
#801382637071790080,n,5,5,5,NO,NO,NO,f,NO,5
#801385104555655168,n,3,3,3,NO,NO,NO,f,NO,3
#801385510283264000,n,3,3,3,NO,NO,NO,n,NO,3
#801387359774261248,n,2,3,3,YES,NO,NO,n,NO,2.666666667
#801389142286299136,c,4,3,3,NO,YES,NO,a,NO,3.333333333
#801393878670737409,c,3,3,2,NO,NO,NO,n,NO,2.666666667
#801393916402503681,o,4,4,3,NO,YES,NO,n,NO,3.666666667
#801394118530240512,n,3,3,3,NO,NO,NO,f,NO,3
#801394496785305600,o,4,5,4,NO,NO,NO,f,NO,4.333333333
#801395008645410818,n,3,3,3,NO,NO,NO,n,NO,3
#801397018962690048,n,3,3,3,NO,NO,NO,f,NO,3
#801397597558677504,n,4,3,3,NO,NO,NO,f,NO,3.333333333
#801401353968828416,n,3,3,3,NO,NO,NO,f,NO,3
#801402683102007296,n,2,3,3,NO,NO,NO,f,NO,2.666666667
#801403135210029056,n,4,3,3,NO,NO,NO,n,NO,3.333333333
#801406654151593985,o,3,3,2,NO,NO,NO,f,NO,2.666666667
#801406723974111233,c,3,3,3,NO,NO,NO,n,NO,3
#801407192301613056,n,2,3,2,NO,NO,NO,a,NO,2.333333333
#801409294067376128,c,3,3,2,NO,NO,NO,n,NO,2.666666667
#801410321210638337,o,4,3,3,NO,NO,NO,a,NO,3.333333333
#801410587393724416,n,3,3,3,NO,YES,NO,f,NO,3
#801410635095371776,n,3,3,3,NO,NO,NO,n,NO,3
#801414498716266496,c,4,3,3,NO,NO,NO,f,NO,3.333333333
#801416930984857600,n,3,2,2,NO,NO,NO,n,NO,2.333333333
#801417903736131585,c,4,3,3,NO,NO,NO,f,YES,3.333333333
#801420795700477952,c,5,4,4,NO,YES,NO,a,NO,4.333333333
#801422090414989312,n,2,3,2,NO,NO,NO,f,NO,2.333333333
#801423262311972864,n,4,4,4,NO,NO,NO,f,NO,4
#801425527626199040,n,4,3,3,NO,NO,NO,f,NO,3.333333333
#801430314849566722,n,2,3,2,NO,NO,NO,f,NO,2.333333333
#801431785494061057,n,3,2,2,NO,NO,NO,n,NO,2.333333333
#801431881283579904,n,2,1,1,NO,NO,NO,f,NO,1.333333333
#801438216247095296,o,3,2,2,NO,NO,NO,n,NO,2.333333333
#801442119206375424,c,4,5,4,NO,NO,YES,a,YES,4.333333333
#801442787283472384,n,3,3,3,NO,NO,NO,f,NO,3
#801443758772342785,n,3,2,2,NO,NO,NO,n,NO,2.333333333
#801445975080534016,c,1,1,1,NO,NO,NO,a,NO,1
#801447218284756992,o,5,5,5,NO,NO,NO,f,YES,5
#801450631101906944,n,3,3,3,NO,NO,NO,n,NO,3
#801451246175432704,n,2,3,2,NO,NO,YES,a,NO,2.333333333
#801454265604734977,n,2,3,2,NO,NO,NO,a,NO,2.333333333
#801456764377907200,o,4,3,3,NO,NO,NO,a,NO,3.333333333
#801456788310609921,n,3,3,3,YES,NO,NO,a,NO,3
#801456992816603145,o,3,3,3,YES,NO,NO,n,NO,3
#801457410548244481,n,5,4,4,NO,NO,YES,f,NO,4.333333333
#801458094622576640,c,3,4,4,NO,NO,NO,n,NO,3.666666667
#801459067373768704,n,3,3,3,NO,NO,YES,f,NO,3
#801459215613251584,n,2,3,3,NO,NO,NO,f,NO,2.666666667
#801460248666050560,n,3,3,2,NO,NO,NO,f,NO,2.666666667
#801460810795143168,c,4,3,3,NO,NO,NO,a,NO,3.333333333
#801462299907227649,n,3,3,3,NO,NO,NO,n,NO,3
#801464687967645697,n,3,2,3,NO,NO,NO,f,NO,2.666666667
#801464903563243520,n,4,4,3,NO,NO,YES,f,NO,3.666666667
#801465728822026245,n,3,3,3,NO,NO,NO,n,NO,3
#801465820207423488,n,3,3,3,NO,NO,NO,f,NO,3
#801466351160176640,n,2,3,2,NO,NO,NO,n,NO,2.333333333
#801466546614726656,c,2,2,3,NO,NO,NO,a,NO,2.333333333
#801470292778328064,c,3,2,2,NO,NO,NO,a,NO,2.333333333
#801471457595420673,n,4,3,3,NO,NO,NO,n,NO,3.333333333
#801473372429357058,n,3,3,3,NO,NO,NO,f,NO,3
#801474080566349824,n,3,4,3,NO,NO,YES,f,NO,3.333333333
#801474986967846912,n,4,3,4,NO,NO,NO,f,NO,3.666666667
#801475079943008256,n,3,3,2,NO,NO,NO,f,NO,2.666666667
#801475832522899456,n,5,4,3,NO,NO,YES,f,NO,4
#801477425540583425,c,3,3,3,NO,NO,NO,n,NO,3
#801477433299857408,n,3,4,2,YES,NO,NO,a,NO,3
#801481640816111616,n,4,4,3,NO,NO,NO,f,NO,3.666666667
#801484225329430528,c,4,4,4,NO,NO,YES,a,NO,4
#801485375659188224,c,4,3,3,NO,NO,NO,a,NO,3.333333333
#801486194815201280,n,3,3,3,NO,NO,NO,a,NO,3
#801489242786394112,n,2,3,3,NO,NO,NO,a,NO,2.666666667
#801489497536024576,n,3,3,2,NO,NO,NO,f,NO,2.666666667
#801489788469735424,c,4,3,3,NO,NO,YES,a,NO,3.333333333
#801491528719986688,c,3,3,3,NO,NO,NO,f,NO,3
#801494402921299968,n,2,3,3,NO,NO,NO,f,NO,2.666666667
#801496729015042048,n,3,2,3,NO,NO,NO,f,NO,2.666666667
#801502101717319683,c,4,3,3,NO,NO,NO,f,NO,3.333333333
#801503329717256194,n,3,3,3,NO,NO,NO,a,NO,3
#801505252235165696,n,4,3,3,NO,NO,YES,f,NO,3.333333333
#801512642833743882,n,3,3,3,NO,NO,YES,f,NO,3
#801517556322467843,n,3,4,3,NO,NO,NO,a,NO,3.333333333
#801528458392154113,n,3,3,2,YES,YES,NO,a,NO,2.666666667
#801590587317190656,n,3,3,3,NO,NO,NO,n,NO,3
#801600628871008256,n,3,3,3,NO,NO,NO,f,NO,3
#801602100987731968,n,4,4,4,NO,NO,NO,f,NO,4
#801606310131286018,c,3,3,3,NO,NO,NO,f,NO,3
#801609657932337153,n,2,1,1,NO,NO,NO,n,NO,1.333333333
#801611069659709440,n,3,4,2,NO,NO,NO,f,NO,3
#801611649669070848,n,3,3,3,NO,YES,NO,n,NO,3
#801612257780187136,n,3,4,3,NO,NO,NO,f,NO,3.333333333
#801613185396641792,n,4,4,4,NO,NO,NO,f,NO,4
#801614058105380864,n,3,4,4,NO,NO,YES,f,NO,3.666666667
#801615908011589632,n,2,3,3,NO,NO,NO,n,NO,2.666666667
#801616407775576064,n,3,3,3,YES,NO,NO,f,NO,3
#801618553992572929,n,3,3,3,NO,NO,NO,f,NO,3
#801619063218851844,n,3,3,3,NO,NO,NO,f,NO,3
#801626337287008256,n,2,3,2,NO,NO,NO,f,NO,2.333333333
#801627472492052480,n,3,4,4,NO,NO,NO,a,NO,3.666666667
#801628405573808128,c,2,3,2,NO,NO,NO,a,NO,2.333333333
#801630036252049408,n,3,2,2,NO,NO,NO,f,NO,2.333333333
#801636532549521408,o,3,3,3,NO,NO,NO,a,NO,3
#801636843267555328,c,3,4,3,NO,NO,NO,a,NO,3.333333333
#801642408387588096,n,5,5,4,NO,NO,NO,n,NO,4.666666667
#801648218324877312,o,5,5,5,NO,YES,NO,f,YES,5
#801649350979952640,c,2,3,3,NO,NO,NO,n,NO,2.666666667
#801650502853242881,c,3,2,3,NO,NO,NO,f,NO,2.666666667
#801650759825768448,n,3,3,2,NO,NO,NO,f,NO,2.666666667
#801653935379464192,n,4,4,3,YES,NO,NO,n,NO,3.666666667
#801654907501580288,n,3,3,3,NO,NO,NO,f,NO,3
#801655904047230976,c,3,4,3,YES,NO,NO,f,NO,3.333333333
#801656369493450752,c,4,3,3,NO,NO,NO,f,NO,3.333333333
#801657353594609664,n,3,3,3,NO,NO,YES,f,NO,3
#801658923094773760,o,5,5,5,NO,NO,YES,a,YES,5
#801661664689061888,c,4,3,3,NO,NO,NO,f,NO,3.333333333
#801662167128883200,n,3,4,3,NO,NO,NO,a,NO,3.333333333
#801663707545640960,c,3,3,3,YES,NO,NO,n,NO,3
#801664908945281029,c,5,5,3,NO,YES,NO,f,NO,4.333333333
#801665602733670400,n,3,3,2,NO,NO,NO,n,NO,2.666666667
#801668078056574976,n,4,5,3,NO,YES,NO,f,NO,4
#801670710187978753,n,3,4,3,YES,NO,NO,f,NO,3.333333333
#801672838633635840,n,3,2,2,NO,NO,NO,f,NO,2.333333333
#801672992354758656,n,3,3,3,NO,NO,NO,f,NO,3
#801678011569311745,n,3,4,3,NO,YES,NO,a,NO,3.333333333
#801678017927921664,c,3,3,3,YES,NO,NO,n,NO,3
#801679034069483520,o,4,5,4,YES,NO,NO,f,NO,4.333333333
#801679440593829888,c,3,3,3,NO,NO,YES,f,NO,3
#801683022907117568,c,3,4,3,NO,NO,YES,a,NO,3.333333333
#801683794545647616,n,3,3,2,NO,NO,NO,n,NO,2.666666667
#801684475260219392,c,3,3,3,YES,NO,NO,a,NO,3
#801685687988649984,o,3,4,3,NO,NO,YES,f,NO,3.333333333
#801686953116581889,c,4,3,2,YES,NO,NO,f,NO,3
#801686970539720704,n,3,3,3,NO,NO,NO,n,NO,3
#801687175469342720,o,5,5,4,YES,NO,NO,f,YES,4.666666667